airline,date_of_journey,source,destination,dep_time,arrival_time,duration,total_stops,additional_info,price
Air India,2019-06-09,Kolkata,Banglore,09:25:00,05:25:00,1200,2.0,No Info,13007
Jet Airways,2019-06-12,Kolkata,Banglore,16:30:00,12:00:00,1170,1.0,No Info,13044
Indigo,2019-03-24,Banglore,New Delhi,21:20:00,00:15:00,175,0.0,No Info,6144
Air India,2019-04-24,Delhi,Cochin,18:05:00,21:10:00,185,0.0,No Info,5201
Jet Airways,2019-06-03,Banglore,Delhi,07:10:00,10:10:00,180,0.0,In-flight meal not included,5769
Vistara,2019-05-01,Banglore,Delhi,11:30:00,14:20:00,170,0.0,No Info,4668
Air India,2019-05-06,Mumbai,Hyderabad,13:55:00,15:25:00,90,0.0,No Info,3625
Jet Airways,2019-03-09,Banglore,New Delhi,05:45:00,08:15:00,1590,1.0,In-flight meal not included,9134
Multiple Carriers,2019-06-06,Delhi,Cochin,07:00:00,19:00:00,720,1.0,No Info,12192
Vistara,2019-05-15,Kolkata,Banglore,07:10:00,22:40:00,930,1.0,No Info,8452
Jet Airways,2019-05-21,Delhi,Cochin,23:05:00,12:35:00,810,2.0,No Info,15129
Indigo,2019-06-03,Delhi,Cochin,08:35:00,22:30:00,835,1.0,No Info,6442
Jet Airways,2019-03-21,Banglore,New Delhi,09:45:00,14:25:00,280,1.0,In-flight meal not included,7280
Indigo,2019-05-18,Chennai,Kolkata,07:55:00,10:15:00,140,0.0,No Info,3850
Multiple Carriers,2019-06-15,Delhi,Cochin,08:45:00,19:15:00,630,1.0,No Info,9526
Multiple Carriers,2019-06-15,Delhi,Cochin,06:00:00,21:00:00,900,1.0,No Info,7005
Vistara,2019-03-03,Banglore,New Delhi,21:10:00,00:05:00,175,0.0,No Info,7608
Spicejet,2019-05-09,Delhi,Cochin,08:45:00,13:15:00,270,1.0,No Info,4812
Jet Airways,2019-06-09,Kolkata,Banglore,17:00:00,22:05:00,1745,1.0,In-flight meal not included,10539
Multiple Carriers,2019-06-06,Delhi,Cochin,07:05:00,22:30:00,925,1.0,No Info,9646
Air India,2019-03-18,Banglore,New Delhi,08:50:00,16:30:00,1900,2.0,No Info,10835
Jet Airways,2019-06-01,Delhi,Cochin,17:30:00,19:00:00,1530,1.0,No Info,14714
Air India,2019-05-24,Kolkata,Banglore,10:00:00,01:20:00,920,2.0,No Info,13873
Jet Airways,2019-03-03,Delhi,Cochin,07:05:00,18:50:00,705,1.0,No Info,17024
Air India,2019-03-09,Delhi,Cochin,20:15:00,19:15:00,1380,2.0,No Info,19681
Vistara,2019-06-12,Banglore,Delhi,21:00:00,23:50:00,170,0.0,No Info,4668
Spicejet,2019-06-12,Kolkata,Banglore,11:35:00,18:50:00,435,1.0,No Info,8479
Jet Airways,2019-06-27,Delhi,Cochin,14:35:00,12:35:00,1320,2.0,No Info,13376
Multiple Carriers,2019-06-01,Delhi,Cochin,12:50:00,01:30:00,760,1.0,No Info,6795
Spicejet,2019-05-18,Delhi,Cochin,15:45:00,22:05:00,380,1.0,No Info,7317
Spicejet,2019-05-18,Kolkata,Banglore,11:15:00,18:30:00,435,1.0,No Info,10944
Jet Airways,2019-06-12,Kolkata,Banglore,06:30:00,19:50:00,800,1.0,No Info,13626
Jet Airways,2019-03-06,Banglore,New Delhi,11:40:00,09:30:00,1310,1.0,No Info,17261
Jet Airways,2019-03-06,Delhi,Cochin,19:10:00,04:25:00,1995,2.0,No Info,16809
Vistara,2019-03-09,Banglore,New Delhi,16:10:00,18:50:00,160,0.0,No Info,7923
Spicejet,2019-05-06,Kolkata,Banglore,09:00:00,11:25:00,145,0.0,No Info,4174
Jet Airways,2019-04-01,Banglore,Delhi,19:50:00,22:50:00,180,0.0,In-flight meal not included,4544
Jet Airways,2019-05-06,Kolkata,Banglore,09:35:00,19:10:00,575,1.0,No Info,13067
Jet Airways,2019-06-03,Delhi,Cochin,11:30:00,04:25:00,1015,1.0,In-flight meal not included,11627
Indigo,2019-05-12,Delhi,Cochin,05:35:00,08:50:00,195,0.0,No Info,6015
Indigo,2019-04-09,Banglore,Delhi,18:25:00,21:20:00,175,0.0,No Info,4823
Spicejet,2019-06-21,Kolkata,Banglore,22:20:00,00:40:00,140,0.0,No Info,3873
Jet Airways,2019-06-09,Kolkata,Banglore,14:05:00,20:45:00,400,1.0,In-flight meal not included,10844
Spicejet,2019-04-12,Banglore,Delhi,05:55:00,08:35:00,160,0.0,No check-in baggage included,4319
Air India,2019-05-09,Delhi,Cochin,22:00:00,19:15:00,1275,2.0,No Info,10441
Multiple Carriers,2019-03-06,Delhi,Cochin,04:00:00,15:30:00,690,1.0,No Info,13135
Multiple Carriers,2019-05-15,Delhi,Cochin,09:00:00,21:00:00,720,1.0,No Info,8073
Multiple Carriers,2019-06-24,Delhi,Cochin,14:55:00,22:30:00,455,1.0,In-flight meal not included,6093
Indigo,2019-05-09,Delhi,Cochin,06:50:00,22:30:00,940,1.0,No Info,6734
Jet Airways,2019-06-24,Delhi,Cochin,11:40:00,19:00:00,440,2.0,In-flight meal not included,15812
Jet Airways,2019-03-21,Banglore,New Delhi,19:55:00,22:35:00,160,0.0,No Info,7229
Vistara,2019-03-06,Mumbai,Hyderabad,20:55:00,22:55:00,1560,1.0,No Info,12395
Jet Airways,2019-05-21,Delhi,Cochin,05:30:00,12:35:00,425,2.0,No Info,16274
Air Asia,2019-05-01,Kolkata,Banglore,06:50:00,10:30:00,220,1.0,No Info,6857
Jet Airways,2019-06-06,Kolkata,Banglore,17:00:00,23:35:00,395,1.0,No Info,14151
Multiple Carriers,2019-06-06,Delhi,Cochin,10:20:00,01:30:00,910,1.0,No Info,6795
Jet Airways,2019-03-06,Banglore,New Delhi,05:45:00,05:05:00,1400,1.0,No Info,13555
Indigo,2019-06-24,Delhi,Cochin,23:30:00,04:35:00,305,1.0,No Info,9165
Indigo,2019-05-15,Delhi,Cochin,07:35:00,16:10:00,515,1.0,No Info,6442
Goair,2019-03-24,Kolkata,Banglore,22:25:00,07:40:00,555,1.0,No Info,10091
Jet Airways,2019-03-27,Delhi,Cochin,13:00:00,04:25:00,925,1.0,No Info,12242
Jet Airways,2019-05-21,Delhi,Cochin,09:35:00,12:35:00,1620,2.0,No Info,13559
Air India,2019-06-06,Mumbai,Hyderabad,06:20:00,07:40:00,80,0.0,No Info,3100
Air India,2019-03-12,Mumbai,Hyderabad,16:50:00,12:25:00,1175,3.0,No Info,14260
Jet Airways,2019-05-18,Kolkata,Banglore,18:55:00,18:15:00,1400,1.0,In-flight meal not included,10844
Jet Airways,2019-05-21,Kolkata,Banglore,14:05:00,22:35:00,510,1.0,In-flight meal not included,10844
Indigo,2019-06-09,Banglore,Delhi,07:10:00,10:05:00,175,0.0,No Info,4823
Indigo,2019-06-15,Mumbai,Hyderabad,19:05:00,20:35:00,90,0.0,No Info,2754
Air India,2019-05-24,Mumbai,Hyderabad,21:05:00,22:25:00,80,0.0,No Info,3100
Multiple Carriers,2019-06-06,Delhi,Cochin,06:40:00,19:15:00,755,1.0,No Info,7354
Jet Airways,2019-05-06,Delhi,Cochin,05:30:00,04:25:00,1375,2.0,No Info,15129
Spicejet,2019-04-03,Kolkata,Banglore,22:20:00,00:40:00,140,0.0,No Info,3873
Air India,2019-03-27,Delhi,Cochin,05:15:00,06:50:00,1535,1.0,No Info,7165
Air Asia,2019-06-01,Banglore,Delhi,11:10:00,13:55:00,165,0.0,No Info,4483
Jet Airways,2019-06-12,Delhi,Cochin,14:35:00,12:35:00,1320,2.0,In-flight meal not included,10919
Multiple Carriers,2019-06-12,Delhi,Cochin,16:00:00,01:30:00,570,1.0,No Info,13377
Multiple Carriers,2019-03-21,Delhi,Cochin,13:00:00,01:35:00,755,1.0,No Info,13542
Air India,2019-05-24,Kolkata,Banglore,09:10:00,11:05:00,1555,2.0,No Info,6117
Jet Airways,2019-03-21,Delhi,Cochin,18:25:00,04:25:00,2040,2.0,No Info,12347
Air India,2019-05-27,Delhi,Cochin,10:55:00,19:15:00,500,2.0,No Info,13223
Spicejet,2019-04-12,Kolkata,Banglore,17:10:00,19:40:00,150,0.0,No check-in baggage included,3841
Jet Airways,2019-06-03,Delhi,Cochin,11:00:00,14:15:00,195,0.0,In-flight meal not included,7202
Jet Airways,2019-06-12,Delhi,Cochin,08:00:00,19:00:00,660,1.0,No Info,14924
Indigo,2019-06-01,Mumbai,Hyderabad,06:25:00,07:55:00,90,0.0,No Info,4049
Vistara,2019-06-01,Chennai,Kolkata,17:45:00,20:05:00,140,0.0,No Info,11982
Air India,2019-06-09,Delhi,Cochin,07:05:00,09:25:00,1580,2.0,No Info,11185
Jet Airways,2019-05-27,Delhi,Cochin,16:00:00,19:00:00,1620,1.0,In-flight meal not included,12898
Air Asia,2019-06-12,Kolkata,Banglore,07:35:00,23:30:00,955,1.0,No Info,5192
Multiple Carriers,2019-06-09,Delhi,Cochin,08:00:00,19:00:00,660,1.0,No Info,12192
Multiple Carriers,2019-03-27,Delhi,Cochin,07:30:00,19:15:00,705,1.0,No Info,9100
Air India,2019-03-09,Chennai,Kolkata,11:40:00,13:55:00,135,0.0,No Info,7817
Indigo,2019-06-24,Delhi,Cochin,07:15:00,12:30:00,315,1.0,No Info,6582
Indigo,2019-03-27,Kolkata,Banglore,15:20:00,17:55:00,155,0.0,No Info,5198
Air India,2019-03-06,Delhi,Cochin,06:50:00,07:40:00,1490,2.0,No Info,20416
Multiple Carriers,2019-04-09,Delhi,Cochin,09:00:00,19:15:00,615,1.0,No Info,12853
Multiple Carriers,2019-06-03,Delhi,Cochin,10:35:00,19:15:00,520,1.0,No Info,7354
Multiple Carriers,2019-05-21,Delhi,Cochin,15:05:00,01:30:00,625,2.0,No Info,16655
Spicejet,2019-04-15,Kolkata,Banglore,15:05:00,20:20:00,315,1.0,No Info,4649
Jet Airways,2019-05-09,Delhi,Cochin,11:40:00,19:00:00,440,2.0,In-flight meal not included,19644
Indigo,2019-04-15,Kolkata,Banglore,15:30:00,18:05:00,155,0.0,No Info,4174
Jet Airways,2019-06-27,Delhi,Cochin,14:35:00,12:35:00,1320,2.0,In-flight meal not included,10919
Indigo,2019-05-01,Mumbai,Hyderabad,20:05:00,21:40:00,95,0.0,No Info,2227
Multiple Carriers,2019-05-21,Delhi,Cochin,13:00:00,01:30:00,750,1.0,No Info,7888
Jet Airways,2019-05-01,Kolkata,Banglore,16:30:00,23:35:00,425,1.0,No Info,14781
Jet Airways,2019-05-21,Kolkata,Banglore,06:30:00,18:15:00,705,1.0,No Info,14781
Air India,2019-03-03,Delhi,Cochin,19:00:00,07:40:00,760,1.0,No Info,14777
Jet Airways,2019-06-09,Delhi,Cochin,13:00:00,12:35:00,1415,1.0,In-flight meal not included,10262
Jet Airways,2019-06-01,Delhi,Cochin,02:15:00,12:35:00,620,1.0,In-flight meal not included,10262
Jet Airways,2019-06-12,Kolkata,Banglore,17:00:00,23:35:00,395,1.0,No Info,12692
Jet Airways,2019-05-24,Banglore,Delhi,19:50:00,22:50:00,180,0.0,In-flight meal not included,6144
Jet Airways,2019-05-06,Kolkata,Banglore,18:55:00,16:20:00,1285,1.0,No Info,13584
Indigo,2019-05-18,Delhi,Cochin,11:25:00,21:00:00,575,1.0,No Info,7191
Jet Airways,2019-05-27,Delhi,Cochin,19:30:00,04:25:00,535,2.0,No Info,15129
Jet Airways,2019-06-27,Delhi,Cochin,06:45:00,12:35:00,1790,2.0,In-flight meal not included,10919
Vistara,2019-05-24,Banglore,Delhi,07:00:00,09:40:00,160,0.0,No Info,4668
Air India,2019-03-24,Kolkata,Banglore,09:50:00,21:05:00,675,1.0,No Info,7795
Jet Airways,2019-06-27,Delhi,Cochin,18:20:00,12:35:00,1095,2.0,No Info,14300
Vistara,2019-06-01,Banglore,Delhi,21:00:00,23:50:00,170,0.0,No Info,4668
Jet Airways,2019-05-21,Banglore,Delhi,11:10:00,14:05:00,175,0.0,In-flight meal not included,4030
Air India,2019-06-09,Kolkata,Banglore,09:25:00,13:45:00,1700,2.0,No Info,11752
Jet Airways,2019-06-01,Mumbai,Hyderabad,10:20:00,11:50:00,90,0.0,In-flight meal not included,4050
Spicejet,2019-06-24,Delhi,Cochin,08:45:00,13:15:00,270,1.0,No Info,4812
Air India,2019-06-01,Mumbai,Hyderabad,13:55:00,15:25:00,90,0.0,No Info,3625
Jet Airways,2019-03-03,Delhi,Cochin,18:15:00,18:50:00,1475,1.0,No Info,17234
Jet Airways,2019-05-18,Delhi,Cochin,05:30:00,04:25:00,1375,2.0,In-flight meal not included,13029
Jet Airways,2019-05-21,Kolkata,Banglore,21:10:00,10:05:00,775,1.0,In-flight meal not included,8586
Air India,2019-05-21,Delhi,Cochin,05:55:00,19:15:00,2240,2.0,No Info,10493
Indigo,2019-03-27,Mumbai,Hyderabad,21:20:00,22:45:00,85,0.0,No Info,2227
Indigo,2019-04-18,Kolkata,Banglore,04:40:00,07:15:00,155,0.0,No Info,4174
Indigo,2019-04-24,Delhi,Cochin,05:05:00,12:10:00,425,1.0,No Info,6171
Spicejet,2019-04-24,Delhi,Cochin,08:45:00,13:15:00,270,1.0,No Info,4812
Multiple Carriers,2019-06-09,Delhi,Cochin,12:50:00,01:30:00,760,1.0,No Info,6795
Jet Airways,2019-05-01,Kolkata,Banglore,08:25:00,18:15:00,590,1.0,In-flight meal not included,10844
Air India,2019-03-06,Mumbai,Hyderabad,12:00:00,12:25:00,1465,1.0,No Info,14408
Vistara,2019-03-03,Banglore,New Delhi,09:50:00,12:35:00,165,0.0,No Info,8028
Jet Airways,2019-05-24,Kolkata,Banglore,06:30:00,09:20:00,1610,1.0,No Info,14178
Jet Airways,2019-06-27,Delhi,Cochin,23:05:00,04:25:00,1760,2.0,No Info,15339
Multiple Carriers,2019-06-12,Delhi,Cochin,10:20:00,19:00:00,520,1.0,No Info,11789
Jet Airways,2019-05-27,Delhi,Cochin,09:35:00,12:35:00,1620,2.0,In-flight meal not included,12872
Jet Airways,2019-05-18,Delhi,Cochin,09:40:00,12:35:00,1615,2.0,In-flight meal not included,13029
Air Asia,2019-05-15,Kolkata,Banglore,07:35:00,23:30:00,955,1.0,No Info,5192
Multiple Carriers,2019-05-18,Delhi,Cochin,08:45:00,21:00:00,735,1.0,No Info,7670
Jet Airways,2019-05-01,Banglore,Delhi,11:10:00,14:05:00,175,0.0,No Info,7229
Indigo,2019-03-15,Banglore,New Delhi,20:00:00,22:55:00,175,0.0,No Info,8855
Goair,2019-06-03,Delhi,Cochin,07:25:00,13:35:00,370,1.0,No Info,6976
Jet Airways,2019-06-03,Banglore,Delhi,19:50:00,22:50:00,180,0.0,No Info,8016
Air India,2019-05-18,Delhi,Cochin,22:00:00,19:15:00,1275,2.0,No Info,11228
Jet Airways,2019-03-21,Banglore,New Delhi,20:35:00,11:25:00,890,1.0,In-flight meal not included,7832
Air India,2019-03-21,Banglore,New Delhi,10:30:00,11:20:00,1490,1.0,No Info,6383
Jet Airways,2019-06-27,Delhi,Cochin,23:05:00,19:00:00,1195,2.0,No Info,12819
Air India,2019-06-27,Delhi,Cochin,16:55:00,19:15:00,1580,2.0,No Info,13591
Vistara,2019-05-06,Chennai,Kolkata,17:45:00,20:05:00,140,0.0,No Info,11982
Jet Airways,2019-05-09,Delhi,Cochin,17:30:00,19:00:00,1530,1.0,No Info,15554
Jet Airways,2019-05-09,Kolkata,Banglore,06:30:00,18:15:00,705,1.0,In-flight meal not included,10844
Indigo,2019-06-09,Kolkata,Banglore,19:35:00,23:15:00,220,1.0,No Info,5276
Jet Airways,2019-03-06,Banglore,New Delhi,16:55:00,09:30:00,995,1.0,No Info,17261
Jet Airways,2019-05-12,Kolkata,Banglore,14:05:00,19:50:00,345,1.0,In-flight meal not included,10844
Spicejet,2019-06-27,Kolkata,Banglore,22:20:00,00:40:00,140,0.0,No Info,3873
Indigo,2019-05-18,Delhi,Cochin,05:10:00,10:05:00,295,1.0,No Info,7580
Indigo,2019-04-01,Kolkata,Banglore,14:25:00,16:55:00,150,0.0,No Info,4174
Air Asia,2019-03-15,Banglore,New Delhi,05:50:00,08:40:00,170,0.0,No Info,5615
Jet Airways,2019-03-24,Kolkata,Banglore,13:55:00,04:45:00,890,1.0,In-flight meal not included,10661
Indigo,2019-03-15,Banglore,New Delhi,14:25:00,19:25:00,300,1.0,No Info,9165
Spicejet,2019-05-09,Mumbai,Hyderabad,22:45:00,00:15:00,90,0.0,No Info,2017
Indigo,2019-06-03,Delhi,Cochin,07:30:00,21:00:00,810,1.0,No Info,6093
Air India,2019-06-15,Delhi,Cochin,09:00:00,19:15:00,615,1.0,No Info,10454
Jet Airways,2019-06-09,Kolkata,Banglore,14:05:00,04:40:00,875,1.0,No Info,14178
Multiple Carriers,2019-05-27,Delhi,Cochin,10:20:00,01:30:00,910,1.0,No Info,6795
Multiple Carriers,2019-05-09,Delhi,Cochin,07:30:00,21:00:00,810,1.0,No Info,7670
Air India,2019-05-12,Kolkata,Banglore,16:45:00,21:05:00,1700,1.0,No Info,7662
Spicejet,2019-04-18,Kolkata,Banglore,22:20:00,00:40:00,140,0.0,No Info,4174
Air India,2019-03-21,Delhi,Cochin,12:30:00,09:25:00,1255,1.0,No Info,6482
Jet Airways,2019-06-12,Kolkata,Banglore,06:30:00,16:20:00,590,1.0,No Info,13626
Air India,2019-05-24,Kolkata,Banglore,09:50:00,12:30:00,1600,2.0,No Info,15170
Jet Airways,2019-03-24,Banglore,New Delhi,08:20:00,11:15:00,175,0.0,No Info,7229
Indigo,2019-06-12,Delhi,Cochin,14:20:00,22:30:00,490,1.0,No Info,6938
Multiple Carriers,2019-03-27,Delhi,Cochin,11:40:00,18:50:00,430,1.0,No Info,11421
Jet Airways,2019-05-18,Delhi,Cochin,10:00:00,12:35:00,1595,1.0,In-flight meal not included,12373
Multiple Carriers,2019-06-24,Delhi,Cochin,17:50:00,01:30:00,460,2.0,No Info,18275
Air India,2019-06-03,Delhi,Cochin,05:15:00,19:15:00,2280,3.0,No Info,10493
Jet Airways,2019-03-21,Delhi,Cochin,10:20:00,18:50:00,1950,2.0,No Info,11664
Jet Airways,2019-03-06,Banglore,New Delhi,08:00:00,07:40:00,1420,1.0,No Info,14815
Indigo,2019-05-27,Banglore,Delhi,10:10:00,13:00:00,170,0.0,No Info,3943
Jet Airways,2019-06-24,Delhi,Cochin,20:00:00,04:25:00,505,2.0,In-flight meal not included,12410
Jet Airways,2019-05-01,Kolkata,Banglore,20:25:00,19:10:00,1365,1.0,No Info,11467
Jet Airways,2019-06-01,Delhi,Cochin,21:25:00,12:35:00,910,2.0,No Info,13292
Multiple Carriers,2019-05-21,Delhi,Cochin,11:30:00,19:15:00,465,1.0,No Info,14848
Air India,2019-05-21,Kolkata,Banglore,09:25:00,18:30:00,545,1.0,No Info,8366
Spicejet,2019-05-03,Chennai,Kolkata,17:45:00,20:05:00,140,0.0,No Info,3597
Air Asia,2019-05-18,Banglore,Delhi,11:10:00,13:55:00,165,0.0,No Info,4483
Indigo,2019-04-01,Delhi,Cochin,07:35:00,12:10:00,275,1.0,No Info,5073
Indigo,2019-04-15,Delhi,Cochin,14:25:00,17:40:00,195,0.0,No Info,6015
Indigo,2019-05-09,Kolkata,Banglore,21:00:00,02:15:00,315,1.0,No Info,7605
Air India,2019-05-09,Delhi,Cochin,06:05:00,09:25:00,1640,1.0,No Info,7480
Jet Airways,2019-06-21,Banglore,Delhi,08:20:00,11:20:00,180,0.0,In-flight meal not included,5769
Air Asia,2019-06-15,Delhi,Cochin,07:55:00,22:25:00,870,1.0,No Info,6253
Jet Airways,2019-05-18,Delhi,Cochin,02:15:00,19:00:00,1005,1.0,No Info,15554
Air India,2019-03-12,Banglore,New Delhi,17:25:00,10:15:00,1010,2.0,No Info,12778
Jet Airways,2019-05-24,Kolkata,Banglore,18:55:00,10:05:00,910,1.0,No Info,13731
Air India,2019-05-15,Kolkata,Banglore,19:00:00,04:40:00,580,1.0,No Info,6117
Indigo,2019-05-21,Banglore,Delhi,20:00:00,22:50:00,170,0.0,No Info,4823
Jet Airways,2019-05-21,Delhi,Cochin,09:00:00,12:35:00,1655,1.0,In-flight meal not included,12898
Indigo,2019-04-12,Kolkata,Banglore,04:40:00,07:15:00,155,0.0,No Info,4174
Jet Airways,2019-03-12,Banglore,New Delhi,22:55:00,20:20:00,1285,1.0,In-flight meal not included,11087
Spicejet,2019-06-09,Banglore,Delhi,21:10:00,00:05:00,175,0.0,No Info,3971
Vistara,2019-03-24,Kolkata,Banglore,20:20:00,20:25:00,1445,1.0,No Info,11105
Spicejet,2019-03-21,Banglore,New Delhi,10:20:00,18:15:00,475,1.0,No Info,7139
Air Asia,2019-06-06,Banglore,Delhi,11:10:00,13:55:00,165,0.0,No Info,4483
Jet Airways,2019-03-03,Delhi,Cochin,18:20:00,18:50:00,1470,2.0,No Info,20747
Spicejet,2019-04-15,Kolkata,Banglore,06:55:00,09:30:00,155,0.0,No check-in baggage included,3841
Indigo,2019-05-18,Chennai,Kolkata,19:35:00,21:55:00,140,0.0,No Info,3597
Jet Airways,2019-05-18,Kolkata,Banglore,16:30:00,18:15:00,1545,1.0,In-flight meal not included,10844
Spicejet,2019-06-15,Mumbai,Hyderabad,22:45:00,00:15:00,90,0.0,No Info,2017
Air India,2019-03-03,Banglore,New Delhi,21:10:00,23:55:00,165,0.0,No Info,7591
Air India,2019-05-09,Kolkata,Banglore,16:50:00,07:55:00,905,1.0,No Info,8366
Spicejet,2019-06-15,Mumbai,Hyderabad,13:15:00,14:45:00,90,0.0,No check-in baggage included,1965
Spicejet,2019-05-09,Delhi,Cochin,08:45:00,13:15:00,270,1.0,No check-in baggage included,4760
Air India,2019-03-01,Delhi,Cochin,04:00:00,07:40:00,1660,1.0,No Info,28322
Indigo,2019-05-15,Delhi,Cochin,05:05:00,12:10:00,425,1.0,No Info,6818
Spicejet,2019-05-18,Banglore,Delhi,21:10:00,00:05:00,175,0.0,No check-in baggage included,3919
Air India,2019-03-27,Delhi,Cochin,05:10:00,08:00:00,170,0.0,No Info,4729
Indigo,2019-04-06,Banglore,Delhi,18:25:00,21:20:00,175,0.0,No Info,4823
Jet Airways,2019-03-06,Delhi,Cochin,19:10:00,04:25:00,1995,2.0,In-flight meal not included,16022
Spicejet,2019-03-01,Mumbai,Hyderabad,22:45:00,00:10:00,85,0.0,No Info,11005
Air India,2019-05-06,Chennai,Kolkata,11:40:00,13:55:00,135,0.0,No Info,4667
Multiple Carriers,2019-06-09,Delhi,Cochin,03:50:00,19:00:00,910,1.0,No Info,12192
Indigo,2019-05-24,Chennai,Kolkata,07:55:00,10:15:00,140,0.0,No Info,3850
Air India,2019-05-06,Kolkata,Banglore,10:00:00,01:20:00,920,2.0,No Info,13873
Indigo,2019-04-18,Kolkata,Banglore,20:20:00,22:55:00,155,0.0,No Info,4174
Jet Airways,2019-03-18,Mumbai,Hyderabad,19:35:00,21:05:00,90,0.0,In-flight meal not included,2071
Indigo,2019-03-06,Delhi,Cochin,09:10:00,21:00:00,710,1.0,No Info,14871
Air India,2019-05-18,Delhi,Cochin,17:40:00,23:00:00,320,1.0,No Info,8277
Air India,2019-06-15,Delhi,Cochin,17:40:00,23:00:00,320,1.0,No Info,7384
Jet Airways,2019-06-09,Delhi,Cochin,05:30:00,04:25:00,1375,2.0,No Info,13292
Indigo,2019-06-24,Kolkata,Banglore,14:25:00,16:55:00,150,0.0,No Info,4804
Vistara,2019-06-27,Delhi,Cochin,14:40:00,17:50:00,190,0.0,No Info,6216
Multiple Carriers,2019-06-03,Delhi,Cochin,03:50:00,19:00:00,910,1.0,No Info,12192
Jet Airways,2019-06-09,Kolkata,Banglore,09:35:00,22:05:00,750,1.0,In-flight meal not included,13994
Jet Airways,2019-06-18,Banglore,Delhi,17:45:00,20:45:00,180,0.0,No Info,8016
Indigo,2019-03-27,Delhi,Cochin,06:40:00,22:20:00,940,1.0,No Info,6442
Air India,2019-05-18,Kolkata,Banglore,08:20:00,11:10:00,1610,2.0,No Info,11222
Vistara,2019-06-12,Kolkata,Banglore,20:20:00,20:20:00,1440,1.0,No Info,8085
Indigo,2019-06-18,Kolkata,Banglore,14:25:00,16:55:00,150,0.0,No Info,4804
Jet Airways,2019-03-21,Delhi,Cochin,17:30:00,18:50:00,1520,1.0,No Info,12557
Jet Airways,2019-06-18,Banglore,Delhi,11:10:00,14:05:00,175,0.0,In-flight meal not included,5769
Indigo,2019-06-03,Delhi,Cochin,07:35:00,12:10:00,275,1.0,No Info,6069
Jet Airways,2019-06-27,Delhi,Cochin,13:25:00,12:35:00,1390,2.0,No Info,15339
Jet Airways,2019-06-27,Delhi,Cochin,12:15:00,19:00:00,1845,2.0,No Info,14300
Jet Airways,2019-06-06,Delhi,Cochin,21:25:00,19:00:00,1295,2.0,No Info,13292
Air India,2019-05-21,Banglore,Delhi,10:00:00,12:45:00,165,0.0,No Info,6961
Air India,2019-06-18,Mumbai,Hyderabad,19:30:00,20:45:00,75,0.0,No Info,3100
Jet Airways,2019-06-09,Kolkata,Banglore,16:30:00,23:35:00,425,1.0,No Info,14571
Goair,2019-04-15,Banglore,Delhi,07:45:00,10:40:00,175,0.0,No Info,4632
Indigo,2019-04-24,Banglore,Delhi,23:30:00,02:20:00,170,0.0,No Info,3943
Goair,2019-04-03,Delhi,Cochin,10:35:00,19:35:00,540,1.0,No Info,5135
Jet Airways,2019-05-03,Banglore,Delhi,08:20:00,11:20:00,180,0.0,No Info,7229
Jet Airways,2019-05-09,Mumbai,Hyderabad,02:55:00,04:20:00,85,0.0,No Info,5678
Jet Airways,2019-03-06,Banglore,New Delhi,14:05:00,21:20:00,435,1.0,No Info,19225
Air India,2019-06-27,Delhi,Cochin,05:55:00,19:15:00,800,2.0,No Info,11386
Indigo,2019-05-18,Mumbai,Hyderabad,16:55:00,18:25:00,90,0.0,No Info,3838
Jet Airways,2019-03-15,Banglore,New Delhi,11:40:00,08:15:00,1235,1.0,In-flight meal not included,9134
Air Asia,2019-05-09,Kolkata,Banglore,06:50:00,10:30:00,220,1.0,No Info,5162
Indigo,2019-03-09,Banglore,New Delhi,04:00:00,06:50:00,170,0.0,No Info,8033
Air India,2019-05-01,Kolkata,Banglore,09:25:00,18:20:00,535,2.0,No Info,8366
Jet Airways,2019-03-01,Banglore,New Delhi,22:50:00,00:45:00,1555,1.0,No Info,26890
Indigo,2019-04-03,Banglore,Delhi,23:30:00,02:20:00,170,0.0,No Info,4591
Jet Airways,2019-03-27,Delhi,Cochin,19:10:00,19:45:00,1475,2.0,In-flight meal not included,8834
Vistara,2019-05-21,Banglore,Delhi,07:00:00,09:40:00,160,0.0,No Info,4668
Jet Airways,2019-03-01,Banglore,New Delhi,19:55:00,22:35:00,160,0.0,No Info,18308
Indigo,2019-05-18,Delhi,Cochin,06:50:00,12:10:00,320,1.0,No Info,6347
Air India,2019-05-24,Kolkata,Banglore,16:50:00,07:55:00,905,1.0,No Info,8576
Spicejet,2019-04-18,Banglore,Delhi,05:55:00,08:35:00,160,0.0,No check-in baggage included,4319
Air India,2019-05-01,Kolkata,Banglore,05:50:00,23:15:00,1045,2.0,No Info,10991
Air India,2019-05-15,Kolkata,Banglore,10:00:00,13:45:00,1665,2.0,No Info,16057
Jet Airways,2019-06-24,Delhi,Cochin,23:05:00,04:25:00,1760,2.0,No Info,12819
Multiple Carriers,2019-03-27,Delhi,Cochin,08:00:00,15:30:00,450,1.0,No Info,12537
Air India,2019-06-24,Delhi,Cochin,10:55:00,07:40:00,1245,2.0,No Info,11753
Indigo,2019-03-06,Delhi,Cochin,17:10:00,01:35:00,505,1.0,No Info,14871
Multiple Carriers,2019-06-03,Delhi,Cochin,10:00:00,01:30:00,930,1.0,No Info,9508
Indigo,2019-03-21,Chennai,Kolkata,13:20:00,15:35:00,135,0.0,No Info,3384
Multiple Carriers,2019-03-27,Delhi,Cochin,04:00:00,15:30:00,690,1.0,No Info,6305
Indigo,2019-03-21,Delhi,Cochin,14:30:00,17:35:00,185,0.0,No Info,5406
Air India,2019-05-09,Delhi,Cochin,12:55:00,19:15:00,1820,2.0,No Info,11596
Jet Airways,2019-05-21,Kolkata,Banglore,20:25:00,21:05:00,1480,1.0,No Info,14151
Jet Airways,2019-05-21,Delhi,Cochin,08:00:00,19:00:00,660,1.0,No Info,16289
Air Asia,2019-06-12,Kolkata,Banglore,10:20:00,12:55:00,155,0.0,No Info,3807
Spicejet,2019-03-18,Kolkata,Banglore,17:15:00,19:45:00,150,0.0,No check-in baggage included,4413
Goair,2019-06-27,Delhi,Cochin,07:25:00,13:35:00,370,1.0,No Info,4525
Air India,2019-03-01,Banglore,New Delhi,06:45:00,12:15:00,330,1.0,No Info,23677
Vistara,2019-05-18,Kolkata,Banglore,20:20:00,10:45:00,865,1.0,No Info,9187
Air India,2019-03-01,Banglore,New Delhi,17:00:00,12:15:00,1155,1.0,No Info,10246
Indigo,2019-06-03,Delhi,Cochin,16:00:00,01:30:00,570,1.0,No Info,6628
Jet Airways,2019-04-01,Kolkata,Banglore,20:00:00,08:15:00,735,1.0,No Info,12681
Air India,2019-05-18,Delhi,Cochin,16:40:00,19:15:00,1595,2.0,No Info,9863
Jet Airways,2019-04-09,Delhi,Cochin,07:05:00,19:00:00,715,1.0,No Info,17531
Jet Airways,2019-05-12,Banglore,Delhi,06:00:00,08:45:00,165,0.0,In-flight meal not included,5198
Jet Airways,2019-03-21,Banglore,New Delhi,14:05:00,20:20:00,375,1.0,In-flight meal not included,7832
Vistara,2019-06-06,Kolkata,Banglore,20:20:00,18:50:00,1350,1.0,No Info,8820
Air India,2019-03-24,Mumbai,Hyderabad,06:20:00,07:40:00,80,0.0,No Info,2575
Jet Airways,2019-06-12,Delhi,Cochin,11:30:00,19:00:00,450,1.0,No Info,14714
Jet Airways,2019-05-06,Delhi,Cochin,09:40:00,12:35:00,1615,2.0,No Info,15129
Multiple Carriers,2019-05-15,Delhi,Cochin,14:00:00,01:30:00,690,1.0,No Info,13727
Jet Airways,2019-06-09,Delhi,Cochin,11:00:00,14:15:00,195,0.0,In-flight meal not included,7202
Spicejet,2019-03-03,Chennai,Kolkata,08:20:00,10:35:00,135,0.0,No Info,7050
Jet Airways,2019-03-03,Delhi,Cochin,05:25:00,04:25:00,1380,2.0,No Info,18799
Multiple Carriers,2019-03-09,Delhi,Cochin,06:00:00,19:15:00,795,1.0,No Info,14408
Indigo,2019-04-09,Banglore,Delhi,23:30:00,02:20:00,170,0.0,No Info,4591
Indigo,2019-05-09,Banglore,Delhi,23:30:00,02:20:00,170,0.0,No Info,3943
Indigo,2019-05-01,Kolkata,Banglore,11:30:00,14:05:00,155,0.0,No Info,5644
Jet Airways,2019-03-06,Delhi,Cochin,17:30:00,19:45:00,1575,1.0,No Info,17024
Indigo,2019-05-27,Delhi,Cochin,16:00:00,21:00:00,300,1.0,No Info,5054
Indigo,2019-05-27,Banglore,Delhi,07:10:00,10:05:00,175,0.0,No Info,4823
Jet Airways,2019-06-12,Delhi,Cochin,21:50:00,04:25:00,395,1.0,In-flight meal not included,10262
Air India,2019-06-01,Delhi,Cochin,22:00:00,19:15:00,1275,2.0,No Info,10861
Jet Airways,2019-06-15,Delhi,Cochin,10:00:00,04:25:00,1105,1.0,In-flight meal not included,10262
Indigo,2019-03-06,Delhi,Cochin,11:55:00,21:20:00,565,2.0,No Info,6610
Spicejet,2019-06-24,Banglore,Delhi,09:30:00,12:20:00,170,0.0,No Info,3625
Jet Airways,2019-06-09,Kolkata,Banglore,16:30:00,22:35:00,365,1.0,In-flight meal not included,10844
Vistara,2019-06-27,Chennai,Kolkata,07:05:00,09:20:00,135,0.0,No Info,3687
Jet Airways,2019-06-12,Banglore,Delhi,06:00:00,08:45:00,165,0.0,No Info,8016
Jet Airways,2019-05-18,Kolkata,Banglore,14:05:00,10:05:00,1200,1.0,No Info,14388
Jet Airways,2019-06-24,Mumbai,Hyderabad,19:35:00,21:05:00,90,0.0,In-flight meal not included,3210
Air India,2019-03-12,Mumbai,Hyderabad,21:05:00,22:25:00,80,0.0,No Info,4307
Jet Airways,2019-06-24,Delhi,Cochin,23:05:00,19:00:00,1195,2.0,No Info,12819
Jet Airways,2019-03-09,Delhi,Cochin,21:50:00,04:25:00,395,1.0,No Info,15029
Indigo,2019-03-09,Banglore,New Delhi,05:30:00,08:20:00,170,0.0,No Info,4777
Air India,2019-03-03,Banglore,New Delhi,00:30:00,08:45:00,495,1.0,No Info,11392
Spicejet,2019-05-15,Mumbai,Hyderabad,22:45:00,00:15:00,90,0.0,No Info,2017
Air India,2019-05-21,Delhi,Cochin,20:40:00,09:25:00,765,1.0,No Info,7480
Air Asia,2019-04-27,Delhi,Cochin,20:45:00,07:10:00,625,1.0,No Info,6451
Multiple Carriers,2019-06-01,Delhi,Cochin,08:00:00,21:00:00,780,1.0,No Info,13587
Jet Airways,2019-03-09,Delhi,Cochin,18:15:00,18:50:00,1475,1.0,No Info,16289
Multiple Carriers,2019-06-27,Delhi,Cochin,08:00:00,19:00:00,660,1.0,No Info,12192
Indigo,2019-03-09,Delhi,Cochin,21:05:00,01:45:00,280,1.0,No Info,6937
Multiple Carriers,2019-03-09,Delhi,Cochin,16:00:00,01:35:00,575,1.0,In-flight meal not included,14086
Indigo,2019-06-12,Kolkata,Banglore,17:15:00,19:50:00,155,0.0,No Info,4804
Air India,2019-03-27,Delhi,Cochin,21:30:00,19:15:00,1305,2.0,No Info,8665
Air India,2019-03-06,Mumbai,Hyderabad,06:00:00,19:25:00,2245,2.0,No Info,13904
Multiple Carriers,2019-05-27,Delhi,Cochin,07:05:00,19:15:00,730,1.0,In-flight meal not included,12717
Jet Airways,2019-05-21,Delhi,Cochin,19:45:00,19:00:00,1395,1.0,In-flight meal not included,12898
Indigo,2019-05-01,Mumbai,Hyderabad,06:25:00,07:55:00,90,0.0,No Info,4392
Jet Airways,2019-06-24,Banglore,Delhi,11:10:00,14:05:00,175,0.0,In-flight meal not included,5769
Spicejet,2019-06-03,Kolkata,Banglore,17:10:00,19:40:00,150,0.0,No Info,3873
Multiple Carriers,2019-05-21,Delhi,Cochin,09:15:00,19:00:00,585,1.0,No Info,9627
Indigo,2019-05-09,Chennai,Kolkata,19:35:00,21:55:00,140,0.0,No Info,3597
Air India,2019-03-03,Delhi,Cochin,20:00:00,19:15:00,1395,2.0,No Info,17266
Jet Airways,2019-05-09,Kolkata,Banglore,08:25:00,04:40:00,1215,1.0,No Info,13941
Jet Airways,2019-03-18,Banglore,New Delhi,07:00:00,07:40:00,1480,1.0,No Info,11455
Jet Airways,2019-06-01,Banglore,Delhi,08:20:00,11:20:00,180,0.0,No Info,8016
Indigo,2019-05-06,Kolkata,Banglore,15:15:00,17:45:00,150,0.0,No Info,4804
Spicejet,2019-05-09,Chennai,Kolkata,09:45:00,12:00:00,135,0.0,No check-in baggage included,3543
Indigo,2019-04-06,Banglore,Delhi,18:55:00,21:50:00,175,0.0,No Info,4823
Jet Airways,2019-03-12,Banglore,New Delhi,21:25:00,10:25:00,780,1.0,No Info,13817
Jet Airways,2019-05-18,Delhi,Cochin,10:00:00,19:00:00,540,1.0,In-flight meal not included,11399
Jet Airways,2019-06-27,Delhi,Cochin,23:05:00,04:25:00,1760,2.0,In-flight meal not included,11150
Air India,2019-04-18,Banglore,Delhi,13:20:00,16:10:00,170,0.0,No Info,6121
Indigo,2019-04-15,Kolkata,Banglore,06:20:00,10:30:00,250,1.0,No Info,4226
Jet Airways,2019-04-15,Banglore,Delhi,18:55:00,22:00:00,185,0.0,No Info,7229
Jet Airways,2019-06-06,Kolkata,Banglore,20:00:00,18:15:00,1335,1.0,In-flight meal not included,10844
Jet Airways,2019-05-27,Delhi,Cochin,20:55:00,19:00:00,1325,1.0,In-flight meal not included,12898
Indigo,2019-05-15,Delhi,Cochin,07:30:00,21:00:00,810,1.0,No Info,7191
Air India,2019-05-09,Kolkata,Banglore,08:20:00,20:25:00,725,2.0,No Info,11432
Spicejet,2019-05-24,Kolkata,Banglore,11:15:00,18:30:00,435,1.0,No Info,9630
Air India,2019-06-12,Delhi,Cochin,12:30:00,09:25:00,1255,1.0,No Info,7480
Multiple Carriers,2019-03-21,Delhi,Cochin,08:00:00,19:15:00,675,1.0,No Info,13378
Jet Airways,2019-05-21,Delhi,Cochin,19:10:00,19:00:00,1430,2.0,No Info,15129
Jet Airways,2019-05-27,Delhi,Cochin,21:50:00,12:35:00,885,1.0,In-flight meal not included,12898
Multiple Carriers,2019-03-03,Delhi,Cochin,08:00:00,15:30:00,450,1.0,No Info,17057
Multiple Carriers,2019-06-03,Delhi,Cochin,10:00:00,19:15:00,555,1.0,No Info,14848
Multiple Carriers,2019-06-01,Delhi,Cochin,10:00:00,19:15:00,555,1.0,No Info,16108
Jet Airways,2019-05-18,Kolkata,Banglore,18:55:00,08:15:00,800,1.0,In-flight meal not included,7757
Indigo,2019-05-18,Delhi,Cochin,02:00:00,07:25:00,325,1.0,No Info,7464
Air India,2019-03-09,Delhi,Cochin,05:15:00,19:15:00,2280,3.0,No Info,15586
Indigo,2019-06-27,Delhi,Cochin,09:15:00,01:30:00,975,1.0,No Info,6628
Jet Airways,2019-06-24,Delhi,Cochin,19:30:00,12:35:00,1025,2.0,In-flight meal not included,10368
Air India,2019-03-09,Banglore,New Delhi,22:00:00,23:20:00,1520,1.0,No Info,8425
Jet Airways,2019-05-12,Banglore,Delhi,11:10:00,14:05:00,175,0.0,In-flight meal not included,5198
Indigo,2019-03-21,Kolkata,Banglore,15:10:00,17:45:00,155,0.0,No Info,4148
Jet Airways,2019-03-21,Banglore,New Delhi,16:55:00,10:25:00,1050,1.0,In-flight meal not included,7832
Air India,2019-05-09,Kolkata,Banglore,16:50:00,13:45:00,1255,2.0,No Info,12592
Jet Airways,2019-03-24,Kolkata,Banglore,16:55:00,04:45:00,710,1.0,No Info,14231
Jet Airways,2019-05-18,Kolkata,Banglore,08:25:00,09:20:00,1495,1.0,No Info,14388
Jet Airways,2019-06-03,Delhi,Cochin,15:00:00,19:00:00,1680,1.0,In-flight meal not included,10262
Indigo,2019-03-21,Delhi,Cochin,10:45:00,01:35:00,890,1.0,No Info,7318
Spicejet,2019-04-03,Banglore,Delhi,09:30:00,12:20:00,170,0.0,No check-in baggage included,3919
Multiple Carriers,2019-06-24,Delhi,Cochin,08:30:00,19:15:00,645,1.0,No Info,7354
Jet Airways,2019-03-15,Mumbai,Hyderabad,15:50:00,17:20:00,90,0.0,No Info,5678
Indigo,2019-06-27,Delhi,Cochin,18:35:00,01:30:00,415,1.0,No Info,5883
Multiple Carriers,2019-03-27,Delhi,Cochin,12:50:00,19:15:00,385,1.0,No Info,6953
Jet Airways,2019-05-27,Delhi,Cochin,19:10:00,19:00:00,1430,2.0,No Info,15129
Multiple Carriers,2019-06-06,Delhi,Cochin,07:30:00,19:15:00,705,1.0,No Info,9001
Spicejet,2019-05-15,Banglore,Delhi,21:10:00,00:05:00,175,0.0,No check-in baggage included,3573
Spicejet,2019-06-27,Mumbai,Hyderabad,13:15:00,14:45:00,90,0.0,No Info,2017
Air India,2019-06-03,Delhi,Cochin,10:55:00,19:15:00,500,2.0,No Info,12173
Indigo,2019-05-03,Chennai,Kolkata,11:35:00,14:00:00,145,0.0,No Info,4332
Jet Airways,2019-04-18,Banglore,Delhi,07:10:00,10:10:00,180,0.0,No Info,7229
Multiple Carriers,2019-03-03,Delhi,Cochin,10:20:00,21:00:00,640,1.0,No Info,15147
Multiple Carriers,2019-03-06,Delhi,Cochin,07:30:00,21:00:00,810,1.0,No Info,15147
Indigo,2019-03-15,Chennai,Kolkata,14:40:00,17:05:00,145,0.0,No Info,6297
Jet Airways,2019-05-09,Kolkata,Banglore,18:55:00,10:05:00,910,1.0,No Info,13941
Goair,2019-06-01,Delhi,Cochin,07:00:00,12:55:00,355,1.0,No Info,5457
Indigo,2019-06-15,Chennai,Kolkata,19:35:00,21:55:00,140,0.0,No Info,3597
Indigo,2019-03-06,Delhi,Cochin,07:30:00,13:20:00,350,1.0,No Info,13628
Air India,2019-03-01,Banglore,New Delhi,10:30:00,17:45:00,435,2.0,Change airports,17461
Indigo,2019-03-24,Chennai,Kolkata,19:35:00,21:55:00,140,0.0,No Info,7295
Air India,2019-05-24,Mumbai,Hyderabad,19:30:00,20:45:00,75,0.0,No Info,3625
Multiple Carriers,2019-05-15,Delhi,Cochin,06:40:00,19:00:00,740,1.0,No Info,9315
Jet Airways,2019-06-06,Banglore,Delhi,07:10:00,10:10:00,180,0.0,No Info,8016
Air India,2019-05-09,Delhi,Cochin,09:45:00,09:25:00,1420,2.0,No Info,9925
Air India,2019-06-06,Kolkata,Banglore,10:00:00,01:20:00,920,2.0,No Info,13033
Jet Airways,2019-04-01,Kolkata,Banglore,09:35:00,19:10:00,575,1.0,No Info,11467
Jet Airways,2019-06-12,Kolkata,Banglore,21:10:00,04:40:00,450,1.0,In-flight meal not included,7594
Air India,2019-06-01,Delhi,Cochin,12:00:00,07:40:00,1180,2.0,No Info,10966
Jet Airways,2019-03-01,Banglore,New Delhi,09:45:00,14:25:00,280,1.0,Business class,57209
Air India,2019-05-12,Kolkata,Banglore,12:00:00,07:55:00,1195,2.0,No Info,10676
Goair,2019-05-18,Kolkata,Banglore,16:40:00,00:15:00,455,1.0,No Info,10586
Air India,2019-05-21,Kolkata,Banglore,16:50:00,05:35:00,765,2.0,No Info,12324
Multiple Carriers,2019-03-21,Delhi,Cochin,08:55:00,15:30:00,395,1.0,No Info,11269
Multiple Carriers,2019-06-06,Delhi,Cochin,07:05:00,21:00:00,835,1.0,No Info,13587
Indigo,2019-06-24,Kolkata,Banglore,15:15:00,17:45:00,150,0.0,No Info,4804
Multiple Carriers,2019-05-09,Delhi,Cochin,06:40:00,19:15:00,755,1.0,No Info,7787
Indigo,2019-06-27,Banglore,Delhi,04:00:00,06:50:00,170,0.0,No Info,3943
Multiple Carriers,2019-06-03,Delhi,Cochin,06:40:00,19:00:00,740,1.0,No Info,10877
Goair,2019-04-09,Delhi,Cochin,07:25:00,13:20:00,355,1.0,No Info,4106
Jet Airways,2019-06-27,Delhi,Cochin,13:00:00,19:00:00,360,1.0,In-flight meal not included,10262
Air India,2019-05-15,Delhi,Cochin,09:00:00,19:15:00,615,1.0,No Info,8372
Jet Airways,2019-03-27,Delhi,Cochin,15:05:00,04:25:00,800,1.0,In-flight meal not included,6017
Indigo,2019-06-12,Mumbai,Hyderabad,09:10:00,10:40:00,90,0.0,No Info,4049
Air India,2019-03-09,Delhi,Cochin,13:15:00,09:25:00,1210,2.0,No Info,11622
Jet Airways,2019-03-03,Delhi,Cochin,20:50:00,04:25:00,455,1.0,No Info,17234
Jet Airways,2019-05-21,Kolkata,Banglore,20:25:00,09:45:00,800,1.0,No Info,13067
Indigo,2019-05-27,Kolkata,Banglore,21:25:00,00:05:00,160,0.0,No Info,4804
Indigo,2019-05-27,Mumbai,Hyderabad,20:05:00,21:40:00,95,0.0,No Info,2227
Goair,2019-05-27,Delhi,Cochin,07:00:00,12:55:00,355,1.0,No Info,5752
Jet Airways,2019-03-21,Banglore,New Delhi,08:00:00,07:40:00,1420,1.0,In-flight meal not included,7832
Jet Airways,2019-06-24,Delhi,Cochin,11:45:00,04:25:00,1000,2.0,No Info,13357
Jet Airways,2019-03-09,Banglore,New Delhi,21:25:00,08:15:00,650,1.0,In-flight meal not included,9134
Spicejet,2019-03-15,Mumbai,Hyderabad,05:45:00,07:05:00,80,0.0,No check-in baggage included,2385
Indigo,2019-06-21,Mumbai,Hyderabad,16:55:00,18:25:00,90,0.0,No Info,4392
Jet Airways,2019-06-09,Delhi,Cochin,17:30:00,12:35:00,1145,1.0,In-flight meal not included,10262
Multiple Carriers,2019-06-27,Delhi,Cochin,12:50:00,21:00:00,490,1.0,In-flight meal not included,6007
Air India,2019-06-15,Banglore,Delhi,10:00:00,12:45:00,165,0.0,No Info,6961
Air India,2019-06-03,Delhi,Cochin,16:55:00,19:15:00,1580,2.0,No Info,13381
Jet Airways,2019-03-21,Mumbai,Hyderabad,15:50:00,17:20:00,90,0.0,No Info,5678
Vistara,2019-04-18,Banglore,Delhi,17:00:00,19:35:00,155,0.0,No Info,5613
Jet Airways,2019-05-27,Delhi,Cochin,09:35:00,12:35:00,1620,2.0,No Info,14657
Jet Airways,2019-03-12,Banglore,New Delhi,21:25:00,15:15:00,1070,1.0,No Info,13817
Indigo,2019-06-18,Kolkata,Banglore,21:25:00,00:05:00,160,0.0,No Info,4804
Multiple Carriers,2019-05-18,Delhi,Cochin,06:00:00,19:00:00,780,1.0,No Info,9794
Jet Airways,2019-05-09,Kolkata,Banglore,08:25:00,20:45:00,740,1.0,No Info,14781
Air India,2019-05-24,Kolkata,Banglore,09:50:00,08:55:00,1385,2.0,No Info,15170
Jet Airways,2019-03-09,Delhi,Cochin,21:50:00,18:50:00,1260,1.0,In-flight meal not included,13843
Jet Airways,2019-05-15,Kolkata,Banglore,21:10:00,10:05:00,775,1.0,In-flight meal not included,11841
Spicejet,2019-05-15,Kolkata,Banglore,17:10:00,19:40:00,150,0.0,No check-in baggage included,3841
Jet Airways,2019-03-21,Delhi,Cochin,17:30:00,04:25:00,655,1.0,In-flight meal not included,5963
Indigo,2019-06-03,Banglore,Delhi,18:55:00,21:50:00,175,0.0,No Info,4823
Jet Airways,2019-06-12,Delhi,Cochin,18:25:00,12:35:00,1090,2.0,No Info,14237
Air India,2019-04-24,Delhi,Cochin,14:10:00,17:10:00,180,0.0,No Info,6094
Multiple Carriers,2019-06-01,Delhi,Cochin,11:30:00,19:15:00,465,1.0,No Info,16108
Jet Airways,2019-06-24,Delhi,Cochin,14:00:00,19:00:00,300,1.0,No Info,14714
Indigo,2019-06-15,Delhi,Cochin,18:35:00,01:30:00,415,1.0,No Info,5883
Spicejet,2019-04-01,Delhi,Cochin,08:45:00,13:15:00,270,1.0,No Info,4812
Jet Airways,2019-05-06,Kolkata,Banglore,09:35:00,21:05:00,690,1.0,In-flight meal not included,10703
Spicejet,2019-05-21,Kolkata,Banglore,22:20:00,00:40:00,140,0.0,No check-in baggage included,3841
Multiple Carriers,2019-06-15,Delhi,Cochin,08:45:00,21:00:00,735,1.0,No Info,7005
Jet Airways,2019-06-12,Banglore,Delhi,15:15:00,18:10:00,175,0.0,In-flight meal not included,5769
Jet Airways,2019-06-15,Delhi,Cochin,09:40:00,04:25:00,1125,2.0,No Info,13014
Air India,2019-03-09,Delhi,Cochin,08:40:00,19:15:00,635,1.0,No Info,18959
Indigo,2019-06-15,Mumbai,Hyderabad,21:20:00,22:50:00,90,0.0,No Info,2227
Goair,2019-06-09,Kolkata,Banglore,06:40:00,14:35:00,475,1.0,No Info,3673
Jet Airways,2019-05-06,Delhi,Cochin,13:00:00,04:25:00,925,1.0,No Info,15554
Indigo,2019-05-06,Banglore,Delhi,00:30:00,03:25:00,175,0.0,No Info,4284
Spicejet,2019-05-01,Kolkata,Banglore,11:15:00,18:30:00,435,1.0,No Info,8844
Air India,2019-03-09,Delhi,Cochin,05:55:00,19:15:00,800,2.0,No Info,18736
Indigo,2019-05-24,Kolkata,Banglore,19:35:00,23:15:00,220,1.0,No Info,4226
Jet Airways,2019-06-03,Delhi,Cochin,10:00:00,19:00:00,540,1.0,No Info,14714
Jet Airways,2019-03-06,Banglore,New Delhi,05:45:00,19:10:00,805,1.0,No Info,16736
Jet Airways,2019-06-06,Kolkata,Banglore,09:35:00,23:35:00,840,1.0,No Info,14151
Spicejet,2019-05-03,Kolkata,Banglore,09:00:00,11:25:00,145,0.0,No check-in baggage included,3841
Air India,2019-06-12,Delhi,Cochin,20:30:00,08:15:00,705,1.0,No Info,8991
Indigo,2019-03-03,Banglore,New Delhi,10:05:00,13:00:00,175,0.0,No Info,7648
Multiple Carriers,2019-05-21,Delhi,Cochin,02:15:00,11:50:00,575,1.0,No Info,14067
Jet Airways,2019-06-24,Delhi,Cochin,17:30:00,04:25:00,655,1.0,In-flight meal not included,10262
Jet Airways,2019-03-12,Banglore,New Delhi,05:50:00,12:20:00,390,1.0,No Info,11297
Indigo,2019-05-12,Kolkata,Banglore,19:20:00,23:45:00,265,1.0,No Info,4205
Jet Airways,2019-05-09,Kolkata,Banglore,16:30:00,18:15:00,1545,1.0,In-flight meal not included,8586
Air India,2019-05-12,Kolkata,Banglore,09:25:00,21:50:00,745,1.0,No Info,8891
Indigo,2019-05-01,Banglore,Delhi,16:55:00,19:55:00,180,0.0,No Info,4823
Multiple Carriers,2019-06-15,Delhi,Cochin,15:05:00,01:30:00,625,2.0,No Info,15965
Indigo,2019-06-24,Delhi,Cochin,11:25:00,21:00:00,575,1.0,No Info,5894
Air India,2019-06-06,Kolkata,Banglore,16:45:00,08:55:00,970,2.0,No Info,14960
Air India,2019-05-21,Delhi,Cochin,18:45:00,19:15:00,1470,2.0,No Info,12257
Air India,2019-05-21,Kolkata,Banglore,05:50:00,20:25:00,875,2.0,No Info,12303
Air Asia,2019-06-09,Delhi,Cochin,20:45:00,07:10:00,625,1.0,No Info,10794
Vistara,2019-06-03,Banglore,Delhi,11:30:00,14:20:00,170,0.0,No Info,4668
Jet Airways,2019-06-12,Delhi,Cochin,05:30:00,04:25:00,1375,2.0,No Info,13292
Air Asia,2019-06-15,Delhi,Cochin,07:55:00,13:25:00,330,1.0,No Info,6253
Jet Airways,2019-03-12,Banglore,New Delhi,22:55:00,11:25:00,750,1.0,In-flight meal not included,11087
Air India,2019-05-18,Kolkata,Banglore,19:00:00,11:05:00,965,1.0,No Info,6327
Spicejet,2019-05-18,Banglore,Delhi,05:55:00,08:35:00,160,0.0,No Info,3625
Jet Airways,2019-06-01,Banglore,Delhi,07:10:00,10:10:00,180,0.0,In-flight meal not included,7229
Jet Airways,2019-03-21,Delhi,Cochin,18:25:00,04:25:00,2040,2.0,No Info,12347
Indigo,2019-05-01,Banglore,Delhi,10:10:00,13:00:00,170,0.0,No Info,3943
Air India,2019-05-15,Kolkata,Banglore,10:00:00,13:45:00,1665,2.0,No Info,16057
Jet Airways,2019-06-15,Delhi,Cochin,14:35:00,04:25:00,830,2.0,No Info,13376
Vistara,2019-03-24,Kolkata,Banglore,20:20:00,22:10:00,1550,1.0,No Info,11105
Jet Airways,2019-05-09,Kolkata,Banglore,14:05:00,04:40:00,875,1.0,No Info,13941
Indigo,2019-04-27,Banglore,Delhi,00:30:00,03:25:00,175,0.0,No Info,4591
Indigo,2019-03-27,Delhi,Cochin,07:45:00,13:40:00,355,1.0,No Info,4832
Vistara,2019-05-09,Kolkata,Banglore,17:00:00,09:05:00,965,1.0,No Info,9187
Spicejet,2019-04-15,Delhi,Cochin,17:55:00,22:50:00,295,1.0,No Info,5221
Jet Airways,2019-05-27,Mumbai,Hyderabad,02:55:00,04:20:00,85,0.0,In-flight meal not included,4050
Air India,2019-04-01,Kolkata,Banglore,20:45:00,23:20:00,155,0.0,No Info,4460
Jet Airways,2019-06-12,Kolkata,Banglore,09:35:00,19:10:00,575,1.0,In-flight meal not included,10539
Indigo,2019-05-15,Chennai,Kolkata,11:35:00,14:00:00,145,0.0,No Info,4332
Air India,2019-03-27,Delhi,Cochin,10:00:00,19:15:00,555,1.0,No Info,6902
Jet Airways,2019-05-24,Kolkata,Banglore,09:35:00,18:00:00,505,1.0,No Info,14151
Indigo,2019-03-03,Banglore,New Delhi,08:30:00,11:30:00,180,0.0,No Info,6860
Indigo,2019-04-27,Kolkata,Banglore,20:20:00,22:55:00,155,0.0,No Info,4804
Jet Airways,2019-06-24,Delhi,Cochin,23:05:00,19:00:00,1195,2.0,No Info,12819
Indigo,2019-06-15,Chennai,Kolkata,22:05:00,00:25:00,140,0.0,No Info,5277
Jet Airways,2019-03-06,Banglore,New Delhi,08:55:00,23:00:00,845,1.0,No Info,16736
Indigo,2019-05-15,Delhi,Cochin,09:15:00,21:00:00,705,1.0,No Info,7503
Multiple Carriers,2019-05-15,Delhi,Cochin,06:00:00,19:15:00,795,1.0,No Info,8266
Jet Airways,2019-06-06,Delhi,Cochin,02:15:00,19:00:00,1005,1.0,In-flight meal not included,10262
Indigo,2019-05-27,Chennai,Kolkata,13:15:00,15:35:00,140,0.0,No Info,3597
Indigo,2019-05-03,Mumbai,Hyderabad,02:35:00,04:05:00,90,0.0,No Info,2754
Air India,2019-05-24,Kolkata,Banglore,17:30:00,20:25:00,1615,1.0,No Info,10623
Air India,2019-05-09,Banglore,Delhi,17:00:00,19:45:00,165,0.0,No Info,5228
Jet Airways,2019-03-06,Delhi,Cochin,09:00:00,18:50:00,590,1.0,No Info,17024
Jet Airways,2019-06-15,Delhi,Cochin,09:40:00,12:35:00,1615,2.0,In-flight meal not included,10368
Indigo,2019-05-09,Delhi,Cochin,16:10:00,22:30:00,380,1.0,No Info,6704
Indigo,2019-03-06,Delhi,Cochin,05:05:00,10:05:00,300,1.0,No Info,7894
Jet Airways,2019-06-09,Kolkata,Banglore,18:55:00,08:15:00,800,1.0,In-flight meal not included,11841
Multiple Carriers,2019-06-27,Delhi,Cochin,10:20:00,21:00:00,640,1.0,No Info,6480
Jet Airways,2019-05-09,Delhi,Cochin,23:05:00,04:25:00,1760,2.0,No Info,16704
Jet Airways,2019-05-01,Kolkata,Banglore,16:30:00,22:35:00,365,1.0,No Info,14781
Spicejet,2019-05-01,Mumbai,Hyderabad,13:15:00,14:45:00,90,0.0,No Info,2437
Multiple Carriers,2019-03-03,Delhi,Cochin,19:00:00,01:35:00,395,1.0,No Info,15288
Multiple Carriers,2019-06-01,Delhi,Cochin,11:25:00,19:15:00,470,1.0,No Info,8937
Jet Airways,2019-06-01,Delhi,Cochin,19:30:00,12:35:00,1025,2.0,In-flight meal not included,10368
Air India,2019-05-09,Kolkata,Banglore,09:25:00,13:45:00,1700,2.0,No Info,12592
Jet Airways,2019-05-24,Banglore,Delhi,08:20:00,11:20:00,180,0.0,In-flight meal not included,4030
Air India,2019-03-21,Delhi,Cochin,12:00:00,07:40:00,1180,2.0,No Info,9706
Indigo,2019-06-24,Delhi,Cochin,09:15:00,01:30:00,975,1.0,No Info,6628
Indigo,2019-03-24,Banglore,New Delhi,10:10:00,13:00:00,170,0.0,No Info,5734
Multiple Carriers,2019-06-01,Delhi,Cochin,17:50:00,01:30:00,460,2.0,No Info,18485
Vistara,2019-06-06,Banglore,Delhi,17:00:00,19:35:00,155,0.0,No Info,4878
Multiple Carriers,2019-06-27,Delhi,Cochin,10:20:00,19:00:00,520,1.0,No Info,11264
Jet Airways,2019-06-09,Delhi,Cochin,09:40:00,12:35:00,1615,2.0,No Info,13014
Jet Airways,2019-05-21,Delhi,Cochin,02:15:00,12:35:00,620,1.0,No Info,16376
Spicejet,2019-03-21,Kolkata,Banglore,22:20:00,00:40:00,140,0.0,No check-in baggage included,3815
Indigo,2019-04-21,Delhi,Cochin,02:00:00,07:25:00,325,1.0,No Info,5636
Jet Airways,2019-05-09,Delhi,Cochin,18:15:00,04:25:00,610,1.0,In-flight meal not included,12373
Air India,2019-03-12,Banglore,New Delhi,11:50:00,08:55:00,1265,1.0,No Info,11707
Spicejet,2019-03-21,Chennai,Kolkata,08:20:00,10:35:00,135,0.0,No check-in baggage included,3332
Air India,2019-03-09,Delhi,Cochin,05:55:00,19:15:00,2240,2.0,No Info,14483
Air Asia,2019-03-12,Kolkata,Banglore,22:50:00,01:20:00,150,0.0,No Info,4082
Air Asia,2019-06-06,Delhi,Cochin,16:45:00,22:25:00,340,1.0,No Info,11410
Indigo,2019-05-01,Kolkata,Banglore,15:30:00,18:05:00,155,0.0,No Info,4804
Jet Airways,2019-06-27,Delhi,Cochin,21:50:00,04:25:00,395,1.0,In-flight meal not included,12898
Multiple Carriers,2019-05-18,Delhi,Cochin,07:05:00,19:15:00,730,1.0,No Info,14533
Multiple Carriers,2019-06-09,Delhi,Cochin,04:55:00,19:00:00,845,1.0,No Info,10877
Jet Airways,2019-05-21,Kolkata,Banglore,16:30:00,23:35:00,425,1.0,No Info,14781
Air India,2019-04-01,Kolkata,Banglore,16:50:00,07:55:00,905,1.0,No Info,7893
Indigo,2019-04-09,Delhi,Cochin,11:25:00,01:30:00,845,1.0,No Info,6270
Jet Airways,2019-05-06,Kolkata,Banglore,16:30:00,04:40:00,730,1.0,In-flight meal not included,8586
Spicejet,2019-06-15,Kolkata,Banglore,14:55:00,17:25:00,150,0.0,No check-in baggage included,3841
Jet Airways,2019-05-27,Delhi,Cochin,09:00:00,04:25:00,1165,1.0,In-flight meal not included,12898
Air India,2019-05-27,Delhi,Cochin,19:45:00,19:15:00,1410,2.0,No Info,10441
Jet Airways,2019-03-06,Banglore,New Delhi,09:45:00,14:25:00,280,1.0,No Info,16757
Jet Airways,2019-06-27,Delhi,Cochin,23:05:00,12:35:00,810,2.0,No Info,12819
Indigo,2019-05-09,Delhi,Cochin,06:50:00,16:10:00,560,1.0,No Info,6442
Multiple Carriers,2019-05-15,Delhi,Cochin,06:00:00,21:00:00,900,1.0,No Info,7670
Jet Airways,2019-03-27,Delhi,Cochin,05:10:00,18:50:00,820,2.0,In-flight meal not included,8518
Air Asia,2019-05-18,Delhi,Cochin,07:55:00,13:25:00,330,1.0,No Info,8759
Jet Airways,2019-05-18,Banglore,Delhi,18:55:00,22:00:00,185,0.0,In-flight meal not included,5198
Multiple Carriers,2019-06-09,Delhi,Cochin,11:40:00,21:00:00,560,1.0,No Info,7005
Jet Airways,2019-03-01,Banglore,New Delhi,16:55:00,10:25:00,1050,1.0,1 Long layover,25735
Vistara,2019-04-06,Banglore,Delhi,17:00:00,19:35:00,155,0.0,No Info,5613
Air India,2019-03-09,Delhi,Cochin,10:55:00,19:15:00,1940,2.0,No Info,17476
Multiple Carriers,2019-03-06,Delhi,Cochin,10:20:00,18:50:00,510,1.0,No Info,15411
Jet Airways,2019-06-24,Delhi,Cochin,21:25:00,12:35:00,910,2.0,In-flight meal not included,10199
Jet Airways,2019-03-24,Banglore,New Delhi,19:55:00,22:35:00,160,0.0,No Info,7229
Air India,2019-05-12,Kolkata,Banglore,09:25:00,11:10:00,1545,1.0,No Info,8891
Indigo,2019-05-21,Mumbai,Hyderabad,16:55:00,18:25:00,90,0.0,No Info,3175
Air India,2019-03-03,Delhi,Cochin,08:00:00,19:15:00,675,1.0,No Info,15197
Air Asia,2019-05-09,Delhi,Cochin,07:55:00,13:25:00,330,1.0,No Info,6751
Jet Airways,2019-05-09,Kolkata,Banglore,14:05:00,22:35:00,510,1.0,In-flight meal not included,10844
Vistara,2019-05-12,Kolkata,Banglore,17:00:00,18:50:00,1550,1.0,No Info,9135
Jet Airways,2019-05-09,Delhi,Cochin,20:55:00,04:25:00,450,1.0,No Info,15554
Jet Airways,2019-06-06,Delhi,Cochin,05:30:00,04:25:00,1375,2.0,In-flight meal not included,10368
Air India,2019-03-01,Banglore,New Delhi,05:50:00,08:50:00,1620,3.0,No Info,13081
Jet Airways,2019-04-01,Kolkata,Banglore,06:30:00,18:15:00,705,1.0,No Info,12681
Indigo,2019-06-09,Chennai,Kolkata,05:15:00,07:40:00,145,0.0,No Info,3540
Jet Airways,2019-05-09,Kolkata,Banglore,21:10:00,04:40:00,450,1.0,In-flight meal not included,9663
Vistara,2019-05-21,Kolkata,Banglore,07:10:00,20:20:00,790,1.0,No Info,9345
Jet Airways,2019-05-12,Kolkata,Banglore,16:30:00,20:45:00,1695,1.0,In-flight meal not included,10844
Air India,2019-05-24,Banglore,Delhi,17:00:00,19:45:00,165,0.0,No Info,7171
Vistara,2019-03-01,Chennai,Kolkata,07:05:00,09:20:00,135,0.0,No Info,9125
Jet Airways,2019-06-12,Delhi,Cochin,09:35:00,04:25:00,1130,2.0,No Info,13292
Jet Airways,2019-06-01,Delhi,Cochin,21:25:00,19:00:00,1295,2.0,No Info,13292
Jet Airways,2019-06-12,Kolkata,Banglore,18:55:00,18:15:00,1400,1.0,No Info,13044
Indigo,2019-05-24,Banglore,Delhi,22:10:00,01:00:00,170,0.0,No Info,3419
Vistara,2019-04-27,Banglore,Delhi,07:00:00,09:40:00,160,0.0,No Info,5613
Jet Airways,2019-06-03,Delhi,Cochin,18:25:00,12:35:00,1090,2.0,No Info,14237
Indigo,2019-06-06,Delhi,Cochin,17:05:00,22:25:00,320,1.0,No Info,6493
Spicejet,2019-03-09,Banglore,New Delhi,05:45:00,08:35:00,170,0.0,No Info,5126
Multiple Carriers,2019-05-27,Delhi,Cochin,07:05:00,21:00:00,835,1.0,In-flight meal not included,10406
Jet Airways,2019-05-01,Kolkata,Banglore,18:55:00,04:40:00,585,1.0,In-flight meal not included,8586
Spicejet,2019-05-18,Chennai,Kolkata,08:20:00,10:35:00,135,0.0,No Info,3597
Jet Airways,2019-06-24,Delhi,Cochin,15:00:00,12:35:00,1295,1.0,In-flight meal not included,10262
Jet Airways,2019-05-24,Kolkata,Banglore,14:05:00,23:35:00,570,1.0,No Info,14571
Indigo,2019-06-06,Kolkata,Banglore,22:15:00,00:50:00,155,0.0,No Info,4804
Jet Airways,2019-06-01,Delhi,Cochin,19:15:00,12:35:00,1040,1.0,In-flight meal not included,10262
Indigo,2019-05-24,Banglore,Delhi,13:00:00,15:50:00,170,0.0,No Info,4990
Jet Airways,2019-06-12,Kolkata,Banglore,16:30:00,22:35:00,365,1.0,In-flight meal not included,9899
Jet Airways,2019-03-01,Banglore,New Delhi,05:45:00,15:15:00,570,1.0,No Info,26890
Indigo,2019-04-09,Banglore,Delhi,04:00:00,06:50:00,170,0.0,No Info,3943
Indigo,2019-03-09,Chennai,Kolkata,07:55:00,10:15:00,140,0.0,No Info,6297
Indigo,2019-04-01,Kolkata,Banglore,20:20:00,22:55:00,155,0.0,No Info,4488
Jet Airways,2019-06-15,Delhi,Cochin,07:05:00,12:35:00,330,1.0,No Info,14714
Air India,2019-03-24,Banglore,New Delhi,13:20:00,16:10:00,170,0.0,No Info,7276
Jet Airways,2019-03-15,Banglore,New Delhi,07:00:00,12:15:00,315,1.0,No Info,17524
Indigo,2019-05-21,Delhi,Cochin,15:00:00,01:30:00,630,1.0,No Info,6896
Jet Airways,2019-04-01,Kolkata,Banglore,08:25:00,19:50:00,685,1.0,No Info,12681
Jet Airways,2019-06-06,Kolkata,Banglore,20:00:00,08:15:00,735,1.0,No Info,14571
Jet Airways,2019-04-09,Delhi,Cochin,09:25:00,04:25:00,1140,2.0,No Info,11546
Jet Airways,2019-05-01,Kolkata,Banglore,06:30:00,09:20:00,1610,1.0,In-flight meal not included,9663
Air Asia,2019-06-03,Delhi,Cochin,16:45:00,22:25:00,340,1.0,No Info,11410
Air India,2019-06-01,Delhi,Cochin,10:55:00,19:15:00,500,2.0,No Info,13013
Indigo,2019-06-01,Kolkata,Banglore,20:20:00,22:55:00,155,0.0,No Info,4804
Vistara,2019-03-06,Mumbai,Hyderabad,08:45:00,16:45:00,480,1.0,No Info,12395
Jet Airways,2019-06-24,Delhi,Cochin,06:45:00,04:25:00,1300,2.0,No Info,13376
Air Asia,2019-05-18,Kolkata,Banglore,19:55:00,23:30:00,215,1.0,No Info,6857
Multiple Carriers,2019-06-12,Delhi,Cochin,10:00:00,19:15:00,555,1.0,No Info,14848
Air India,2019-06-12,Delhi,Cochin,20:40:00,09:25:00,765,1.0,No Info,7480
Jet Airways,2019-06-06,Delhi,Cochin,18:15:00,04:25:00,610,1.0,In-flight meal not included,10262
Jet Airways,2019-06-03,Delhi,Cochin,18:15:00,19:00:00,1485,1.0,In-flight meal not included,10262
Indigo,2019-05-12,Kolkata,Banglore,22:15:00,00:50:00,155,0.0,No Info,4804
